<metadata xml:lang="en"><Esri><CreaDate>20160523</CreaDate><CreaTime>10323600</CreaTime><SyncOnce>FALSE</SyncOnce><SyncDate>20160523</SyncDate><SyncTime>17221300</SyncTime><ModDate>20160523</ModDate><ModTime>17250500</ModTime><DataProperties><lineage><Process Name="Dissolve_1" ToolSource="C:\Program Files\ArcGIS\ArcToolbox\Toolboxes\Data Management Tools.tbx\Dissolve" Date="20070211" Time="125340" export="">Dissolve "ca_srvy_cnty polygon" \\Pc260700145\WORKSPACE\pnw_fia_spatial_data\5_year_reports\ca\survey_unit\ca_srvy_unit.shp SU_NAME # MULTI_PART</Process><Process ToolSource="c:\program files (x86)\arcgis\desktop10.4\ArcToolbox\Toolboxes\Data Management Tools.tbx\Merge" Date="20160523" Time="171453" Name="" export="">Merge ca_fia_srvy_unit;or_fia_srvy_unit;wa_fia_srvy_unit C:\Users\ddiaz\Desktop\FIA_halfstate_data\OR_WA_CA_wHalfStates.shp "SU_NAME "SU_NAME" true true false 50 Text 0 0 ,First,#,ca_fia_srvy_unit,SU_NAME,-1,-1,or_fia_srvy_unit,SU_NAME,-1,-1,wa_fia_srvy_unit,SU_NAME,-1,-1;AREA "AREA" true true false 13 Float 0 0 ,First,#,or_fia_srvy_unit,AREA,-1,-1,wa_fia_srvy_unit,AREA,-1,-1;PERIMETER "PERIMETER" true true false 13 Float 0 0 ,First,#,or_fia_srvy_unit,PERIMETER,-1,-1,wa_fia_srvy_unit,PERIMETER,-1,-1;OR_SRVY_UN "OR_SRVY_UN" true true false 10 Long 0 10 ,First,#,or_fia_srvy_unit,OR_SRVY_UN,-1,-1;OR_SRVY__1 "OR_SRVY__1" true true false 10 Long 0 10 ,First,#,or_fia_srvy_unit,OR_SRVY__1,-1,-1;SU_CODE "SU_CODE" true true false 19 Double 0 0 ,First,#,or_fia_srvy_unit,SU_CODE,-1,-1,wa_fia_srvy_unit,SU_CODE,-1,-1;SU_ABREV "SU_ABREV" true true false 16 Text 0 0 ,First,#,or_fia_srvy_unit,SU_ABREV,-1,-1;WA_SRVY_UN "WA_SRVY_UN" true true false 10 Long 0 10 ,First,#,wa_fia_srvy_unit,WA_SRVY_UN,-1,-1;WA_SRVY__1 "WA_SRVY__1" true true false 10 Long 0 10 ,First,#,wa_fia_srvy_unit,WA_SRVY__1,-1,-1"</Process></lineage><itemProps><itemName Sync="TRUE">OR_WA_CA_wHalfStates</itemName><imsContentType Sync="TRUE">002</imsContentType><nativeExtBox><westBL Sync="TRUE">360699.562500</westBL><eastBL Sync="TRUE">1317772.250126</eastBL><southBL Sync="TRUE">3613598.000000</southBL><northBL Sync="TRUE">5444341.500000</northBL><exTypeCode Sync="TRUE">1</exTypeCode></nativeExtBox><itemSize Sync="TRUE">3.063</itemSize><itemLocation><linkage Sync="TRUE">file://\\GREENFISH\C$\Users\ddiaz\Desktop\FIA_halfstate_data\OR_WA_CA_wHalfStates.shp</linkage><protocol Sync="TRUE">Local Area Network</protocol></itemLocation></itemProps><coordRef><type Sync="TRUE">Projected</type><geogcsn Sync="TRUE">GCS_North_American_1927</geogcsn><csUnits Sync="TRUE">Linear Unit: Meter (1.000000)</csUnits><projcsn Sync="TRUE">NAD_1927_UTM_Zone_10N</projcsn><peXml Sync="TRUE">&lt;ProjectedCoordinateSystem xsi:type='typens:ProjectedCoordinateSystem' xmlns:xsi='http://www.w3.org/2001/XMLSchema-instance' xmlns:xs='http://www.w3.org/2001/XMLSchema' xmlns:typens='http://www.esri.com/schemas/ArcGIS/10.4'&gt;&lt;WKT&gt;PROJCS[&amp;quot;NAD_1927_UTM_Zone_10N&amp;quot;,GEOGCS[&amp;quot;GCS_North_American_1927&amp;quot;,DATUM[&amp;quot;D_North_American_1927&amp;quot;,SPHEROID[&amp;quot;Clarke_1866&amp;quot;,6378206.4,294.9786982]],PRIMEM[&amp;quot;Greenwich&amp;quot;,0.0],UNIT[&amp;quot;Degree&amp;quot;,0.0174532925199433]],PROJECTION[&amp;quot;Transverse_Mercator&amp;quot;],PARAMETER[&amp;quot;False_Easting&amp;quot;,500000.0],PARAMETER[&amp;quot;False_Northing&amp;quot;,0.0],PARAMETER[&amp;quot;Central_Meridian&amp;quot;,-123.0],PARAMETER[&amp;quot;Scale_Factor&amp;quot;,0.9996],PARAMETER[&amp;quot;Latitude_Of_Origin&amp;quot;,0.0],UNIT[&amp;quot;Meter&amp;quot;,1.0],AUTHORITY[&amp;quot;EPSG&amp;quot;,26710]]&lt;/WKT&gt;&lt;XOrigin&gt;-5121000&lt;/XOrigin&gt;&lt;YOrigin&gt;-9998000&lt;/YOrigin&gt;&lt;XYScale&gt;450450052.74759901&lt;/XYScale&gt;&lt;ZOrigin&gt;-100000&lt;/ZOrigin&gt;&lt;ZScale&gt;10000&lt;/ZScale&gt;&lt;MOrigin&gt;-100000&lt;/MOrigin&gt;&lt;MScale&gt;10000&lt;/MScale&gt;&lt;XYTolerance&gt;0.001&lt;/XYTolerance&gt;&lt;ZTolerance&gt;0.001&lt;/ZTolerance&gt;&lt;MTolerance&gt;0.001&lt;/MTolerance&gt;&lt;HighPrecision&gt;true&lt;/HighPrecision&gt;&lt;WKID&gt;26710&lt;/WKID&gt;&lt;LatestWKID&gt;26710&lt;/LatestWKID&gt;&lt;/ProjectedCoordinateSystem&gt;</peXml></coordRef></DataProperties><ArcGISFormat>1.0</ArcGISFormat><ArcGISstyle>XTools Pro Metadata</ArcGISstyle><scaleRange><minScale>150000000</minScale><maxScale>5000</maxScale></scaleRange><ArcGISProfile>ItemDescription</ArcGISProfile></Esri><idinfo><native Sync="TRUE">Microsoft Windows XP Version 5.1 (Build 2600) Service Pack 2; ESRI ArcCatalog 9.1.0.780</native><descript><langdata Sync="TRUE">en</langdata><abstract>Half-state regions of OR &amp; WA, plus all of CA derived from USFS PNW-FIA design. Intended for use in determining appropriate tree volume equations to use.</abstract><purpose>General mapping, analysis, and display. </purpose><supplinf>Code definitions for FIA survey units.

SU_CODE	SU_NAME	CNTY_NAME	CNTY_CODE
1	North Coast	Del Norte	15
1	North Coast	Humboldt	23
1	North Coast	Mendocino	45
1	North Coast	Sonoma	97
2	North Interior	Lassen	35
2	North Interior	Modoc	49
2	North Interior	Shasta	89
2	North Interior	Siskiyou	93
2	North Interior	Trinity	105
3	Sacramento	Butte	7
3	Sacramento	Colusa	11
3	Sacramento	El Dorado	17
3	Sacramento	Glenn	21
3	Sacramento	Lake	33
3	Sacramento	Napa	55
3	Sacramento	Nevada	57
3	Sacramento	Placer	61
3	Sacramento	Plumas	63
3	Sacramento	Sacramento	67
3	Sacramento	Sierra	91
3	Sacramento	Sutter	101
3	Sacramento	Tehama	103
3	Sacramento	Yolo	113
3	Sacramento	Yuba	115
4	Central Coast	Alameda	1
4	Central Coast	Contra Costa	13
4	Central Coast	Marin	41
4	Central Coast	Monterey	53
4	Central Coast	San Benito	69
4	Central Coast	San Francisco	75
4	Central Coast	San Luis Obispo	79
4	Central Coast	San Mateo	81
4	Central Coast	Santa Barbara	83
4	Central Coast	Santa Clara	85
4	Central Coast	Santa Cruz	87
4	Central Coast	Solano	95
4	Central Coast	Ventura	111
5	San Joaquin	Alpine	3
5	San Joaquin	Amador	5
5	San Joaquin	Calaveras	9
5	San Joaquin	Fresno	19
5	San Joaquin	Kern	29
5	San Joaquin	Kings	31
5	San Joaquin	Madera	39
5	San Joaquin	Mariposa	43
5	San Joaquin	Merced	47
5	San Joaquin	Mono	51
5	San Joaquin	San Joaquin	77
5	San Joaquin	Stanislaus	99
5	San Joaquin	Tulare	107
5	San Joaquin	Tuolumne	109
6	Southern	Imperial	25
6	Southern	Inyo	27
6	Southern	Los Angeles	37
6	Southern	Orange	59
6	Southern	Riverside	65
6	Southern	San Bernardino	71
6	Southern	San Diego	73</supplinf></descript><citation><citeinfo><origin>REQUIRED: The name of an organization or individual that developed the data set.</origin><pubdate>REQUIRED: The date when the data set is published or otherwise made available for release.</pubdate><title Sync="TRUE">OR_WA_CA_wHalfStates</title><ftname Sync="TRUE">ca_srvy_unit</ftname><geoform Sync="TRUE">vector digital data</geoform><onlink Sync="TRUE">\\PCDE4ZSRH91\X$\status_maps\surver_unit\wa\data\ca_srvy_unit</onlink></citeinfo></citation><timeperd><current>REQUIRED: The basis on which the time period of content information is determined.</current><timeinfo><sngdate><caldate>REQUIRED: The year (and optionally month, or month and day) for which the data set corresponds to the ground.</caldate></sngdate></timeinfo></timeperd><status><progress>REQUIRED: The state of the data set.</progress><update>REQUIRED: The frequency with which changes and additions are made to the data set after the initial data set is completed.</update></status><spdom><bounding><westbc Sync="TRUE">-124.517023</westbc><eastbc Sync="TRUE">-113.190618</eastbc><northbc Sync="TRUE">42.034471</northbc><southbc Sync="TRUE">32.361298</southbc></bounding><lboundng><leftbc Sync="TRUE">374406.812500</leftbc><rightbc Sync="TRUE">1317772.250000</rightbc><bottombc Sync="TRUE">3613598.000000</bottombc><topbc Sync="TRUE">4653390.000000</topbc></lboundng></spdom><keywords><theme><themekt>REQUIRED: Reference to a formally registered thesaurus or a similar authoritative source of theme keywords.</themekt><themekey>State boundary</themekey><themekey>3 mile limit</themekey><themekey>Counties</themekey></theme><place><placekey>California</placekey></place></keywords><accconst>none</accconst><useconst>none</useconst><natvform Sync="TRUE">Shapefile</natvform><datacred>unknown</datacred></idinfo><metainfo><langmeta Sync="TRUE">en</langmeta><metstdn Sync="TRUE">FGDC Content Standards for Digital Geospatial Metadata</metstdn><metstdv Sync="TRUE">FGDC-STD-001-1998</metstdv><mettc Sync="TRUE">local time</mettc><metc><cntinfo><cntorgp><cntper>REQUIRED: The person responsible for the metadata information.</cntper><cntorg>REQUIRED: The organization responsible for the metadata information.</cntorg></cntorgp><cntaddr><addrtype>REQUIRED: The mailing and/or physical address for the organization or individual.</addrtype><city>REQUIRED: The city of the address.</city><state>REQUIRED: The state or province of the address.</state><postal>REQUIRED: The ZIP or other postal code of the address.</postal></cntaddr><cntvoice>REQUIRED: The telephone number by which individuals can speak to the organization or individual.</cntvoice></cntinfo></metc><metd Sync="TRUE">20070211</metd></metainfo><spdoinfo><direct Sync="TRUE">Vector</direct><ptvctinf><esriterm Name="OR_WA_CA_wHalfStates"><efeatyp Sync="TRUE">Simple</efeatyp><efeageom code="4" Sync="TRUE"/><esritopo Sync="TRUE">FALSE</esritopo><efeacnt Sync="TRUE">5</efeacnt><spindex Sync="TRUE">TRUE</spindex><linrefer Sync="TRUE">FALSE</linrefer></esriterm></ptvctinf></spdoinfo><spref><horizsys><cordsysn><geogcsn Sync="TRUE">GCS_North_American_1927</geogcsn><projcsn Sync="TRUE">NAD_1927_UTM_Zone_10N</projcsn></cordsysn><planar><planci><plance Sync="TRUE">coordinate pair</plance><plandu Sync="TRUE">meters</plandu><coordrep><absres Sync="TRUE">0.000508</absres><ordres Sync="TRUE">0.000508</ordres></coordrep></planci></planar><geodetic><horizdn Sync="TRUE">North American Datum of 1927</horizdn><ellips Sync="TRUE">Clarke 1866</ellips><semiaxis Sync="TRUE">6378206.400000</semiaxis><denflat Sync="TRUE">294.978698</denflat></geodetic></horizsys></spref><eainfo><detailed Name="OR_WA_CA_wHalfStates"><enttyp><enttypl Sync="TRUE">OR_WA_CA_wHalfStates</enttypl><enttypt Sync="TRUE">Feature Class</enttypt><enttypc Sync="TRUE">5</enttypc></enttyp><attr><attrlabl Sync="TRUE">FID</attrlabl><attalias Sync="TRUE">FID</attalias><attrtype Sync="TRUE">OID</attrtype><attwidth Sync="TRUE">4</attwidth><atprecis Sync="TRUE">0</atprecis><attscale Sync="TRUE">0</attscale><attrdef Sync="TRUE">Internal feature number.</attrdef><attrdefs Sync="TRUE">ESRI</attrdefs><attrdomv><udom Sync="TRUE">Sequential unique whole numbers that are automatically generated.</udom></attrdomv></attr><attr><attrlabl Sync="TRUE">Shape</attrlabl><attalias Sync="TRUE">Shape</attalias><attrtype Sync="TRUE">Geometry</attrtype><attwidth Sync="TRUE">0</attwidth><atprecis Sync="TRUE">0</atprecis><attscale Sync="TRUE">0</attscale><attrdef Sync="TRUE">Feature geometry.</attrdef><attrdefs Sync="TRUE">ESRI</attrdefs><attrdomv><udom Sync="TRUE">Coordinates defining the features.</udom></attrdomv></attr><attr><attrlabl Sync="TRUE">Reg_Code</attrlabl><attalias Sync="TRUE">Reg_Code</attalias><attrtype Sync="TRUE">String</attrtype><attwidth Sync="TRUE">10</attwidth><atprecis Sync="TRUE">0</atprecis><attscale Sync="TRUE">0</attscale></attr><attr><attrlabl Sync="TRUE">Reg_Name</attrlabl><attalias Sync="TRUE">Reg_Name</attalias><attrtype Sync="TRUE">String</attrtype><attwidth Sync="TRUE">50</attwidth><atprecis Sync="TRUE">0</atprecis><attscale Sync="TRUE">0</attscale></attr></detailed><detailed Name="ca_cnty.pat"><enttyp><enttypl Sync="TRUE">ca_cnty.pat</enttypl><enttypt Sync="TRUE">Feature Class</enttypt><enttypc Sync="TRUE">65</enttypc></enttyp><attr><attrlabl Sync="TRUE">FID</attrlabl><attalias Sync="TRUE">FID</attalias><attrtype Sync="TRUE">OID</attrtype><attwidth Sync="TRUE">4</attwidth><atprecis Sync="TRUE">0</atprecis><attscale Sync="TRUE">0</attscale><attrdef Sync="TRUE">Internal feature number.</attrdef><attrdefs Sync="TRUE">ESRI</attrdefs><attrdomv><udom Sync="TRUE">Sequential unique whole numbers that are automatically generated.</udom></attrdomv></attr><attr><attrlabl Sync="TRUE">Shape</attrlabl><attalias Sync="TRUE">Shape</attalias><attrtype Sync="TRUE">Geometry</attrtype><attwidth Sync="TRUE">0</attwidth><atprecis Sync="TRUE">0</atprecis><attscale Sync="TRUE">0</attscale><attrdef Sync="TRUE">Feature geometry.</attrdef><attrdefs Sync="TRUE">ESRI</attrdefs><attrdomv><udom Sync="TRUE">Coordinates defining the features.</udom></attrdomv></attr><attr><attrlabl Sync="TRUE">AREA</attrlabl><attwidth Sync="TRUE">50</attwidth><atoutwid Sync="TRUE">12</atoutwid><attrtype Sync="TRUE">String</attrtype><attrdef Sync="TRUE">Area of feature in internal units squared.</attrdef><attrdefs Sync="TRUE">ESRI</attrdefs><attrdomv><udom Sync="TRUE">Positive real numbers that are automatically generated.</udom></attrdomv></attr><attr><attrlabl Sync="TRUE">PERIMETER</attrlabl><attwidth Sync="TRUE">4</attwidth><atoutwid Sync="TRUE">12</atoutwid><attrtype Sync="TRUE">Float</attrtype><atnumdec Sync="TRUE">3</atnumdec><attrdef Sync="TRUE">Perimeter of feature in internal units.</attrdef><attrdefs Sync="TRUE">ESRI</attrdefs><attrdomv><udom Sync="TRUE">Positive real numbers that are automatically generated.</udom></attrdomv></attr><attr><attrlabl Sync="TRUE">CA_CNTY#</attrlabl><attwidth Sync="TRUE">4</attwidth><atoutwid Sync="TRUE">5</atoutwid><attrtype Sync="TRUE">Binary</attrtype><attrdef Sync="TRUE">Internal feature number.</attrdef><attrdefs Sync="TRUE">ESRI</attrdefs><attrdomv><udom Sync="TRUE">Sequential unique whole numbers that are automatically generated.</udom></attrdomv></attr><attr><attrlabl Sync="TRUE">CA_CNTY-ID</attrlabl><attwidth Sync="TRUE">4</attwidth><atoutwid Sync="TRUE">5</atoutwid><attrtype Sync="TRUE">Binary</attrtype><attrdef Sync="TRUE">User-defined feature number.</attrdef><attrdefs Sync="TRUE">ESRI</attrdefs></attr><attr><attrlabl Sync="TRUE">CACNTYS_</attrlabl><attwidth Sync="TRUE">8</attwidth><atoutwid Sync="TRUE">9</atoutwid><attrtype Sync="TRUE">Float</attrtype><atnumdec Sync="TRUE">0</atnumdec></attr><attr><attrlabl Sync="TRUE">CACNTYS_ID</attrlabl><attwidth Sync="TRUE">8</attwidth><atoutwid Sync="TRUE">9</atoutwid><attrtype Sync="TRUE">Float</attrtype><atnumdec Sync="TRUE">0</atnumdec></attr><attr><attrlabl Sync="TRUE">FIPS</attrlabl><attwidth Sync="TRUE">4</attwidth><atoutwid Sync="TRUE">5</atoutwid><attrtype Sync="TRUE">Binary</attrtype></attr><attr><attrlabl Sync="TRUE">CNTYNAME</attrlabl><attwidth Sync="TRUE">23</attwidth><atoutwid Sync="TRUE">23</atoutwid><attrtype Sync="TRUE">Character</attrtype></attr><attr><attrlabl Sync="TRUE">POLYTYPE</attrlabl><attwidth Sync="TRUE">4</attwidth><atoutwid Sync="TRUE">1</atoutwid><attrtype Sync="TRUE">Binary</attrtype></attr><attr><attrlabl Sync="TRUE">STNAME</attrlabl><attwidth Sync="TRUE">2</attwidth><atoutwid Sync="TRUE">2</atoutwid><attrtype Sync="TRUE">Character</attrtype></attr><attr><attrlabl Sync="TRUE">IE_UNIT</attrlabl><attwidth Sync="TRUE">2</attwidth><atoutwid Sync="TRUE">2</atoutwid><attrtype Sync="TRUE">Character</attrtype></attr><attr><attrlabl Sync="TRUE">FIPS_CO</attrlabl><attwidth Sync="TRUE">4</attwidth><atoutwid Sync="TRUE">3</atoutwid><attrtype Sync="TRUE">Binary</attrtype></attr><attr><attrlabl Sync="TRUE">FIPS_ST</attrlabl><attwidth Sync="TRUE">4</attwidth><atoutwid Sync="TRUE">2</atoutwid><attrtype Sync="TRUE">Binary</attrtype></attr><attr><attrlabl Sync="TRUE">SU_NAME</attrlabl><attwidth Sync="TRUE">50</attwidth><atoutwid Sync="TRUE">50</atoutwid><attrtype Sync="TRUE">Character</attrtype></attr></detailed></eainfo><distinfo><stdorder><digform><digtinfo><transize Sync="TRUE">0.000</transize><dssize Sync="TRUE">0.000</dssize></digtinfo></digform></stdorder><resdesc Sync="TRUE">Downloadable Data</resdesc></distinfo><dataIdInfo><envirDesc Sync="TRUE">Microsoft Windows 7 Version 6.1 (Build 7601) Service Pack 1; Esri ArcGIS 10.4.0.5524</envirDesc><dataLang><languageCode Sync="TRUE" value="eng"/><countryCode value="USA" Sync="TRUE"/></dataLang><idCitation><resTitle Sync="TRUE">OR_WA_CA_wHalfStates</resTitle><presForm><PresFormCd Sync="TRUE" value="005"/></presForm></idCitation><spatRpType><SpatRepTypCd Sync="TRUE" value="001"/></spatRpType><dataExt><geoEle><GeoBndBox esriExtentType="native"><westBL Sync="TRUE">374406.8125</westBL><eastBL Sync="TRUE">1317772.25</eastBL><northBL Sync="TRUE">4653390</northBL><southBL Sync="TRUE">3613598</southBL><exTypeCode Sync="TRUE">1</exTypeCode></GeoBndBox></geoEle></dataExt><geoBox esriExtentType="decdegrees"><westBL Sync="TRUE">-124.517023</westBL><eastBL Sync="TRUE">-113.190618</eastBL><northBL Sync="TRUE">42.034471</northBL><southBL Sync="TRUE">32.361298</southBL><exTypeCode Sync="TRUE">1</exTypeCode></geoBox><dataExt><geoEle xmlns=""><GeoBndBox esriExtentType="search"><exTypeCode Sync="TRUE">1</exTypeCode><westBL Sync="TRUE">-124.909780</westBL><eastBL Sync="TRUE">-111.895824</eastBL><northBL Sync="TRUE">49.153866</northBL><southBL Sync="TRUE">32.361298</southBL></GeoBndBox></geoEle></dataExt><idPurp>General mapping, analysis, and display. </idPurp><idAbs>&lt;DIV STYLE="text-align:Left;"&gt;&lt;DIV&gt;&lt;P&gt;&lt;SPAN&gt;Half-state regions of OR &amp;amp; WA, plus all of CA derived from USFS PNW-FIA design. Intended for use in determining appropriate tree volume equations to use.&lt;/SPAN&gt;&lt;/P&gt;&lt;/DIV&gt;&lt;/DIV&gt;</idAbs><idCredit>unknown</idCredit><searchKeys><keyword>State boundary</keyword><keyword>3 mile limit</keyword></searchKeys><resConst><Consts><useLimit>&lt;DIV STYLE="text-align:Left;"&gt;&lt;DIV&gt;&lt;P&gt;&lt;SPAN&gt;none&lt;/SPAN&gt;&lt;/P&gt;&lt;/DIV&gt;&lt;/DIV&gt;</useLimit></Consts></resConst></dataIdInfo><mdLang><languageCode Sync="TRUE" value="eng"/><countryCode value="USA" Sync="TRUE"/></mdLang><mdStanName Sync="TRUE">ISO 19115 Geographic Information - Metadata</mdStanName><mdStanVer Sync="TRUE">DIS_ESRI1.0</mdStanVer><mdChar><CharSetCd Sync="TRUE" value="004"/></mdChar><mdHrLv><ScopeCd Sync="TRUE" value="005"/></mdHrLv><mdHrLvName Sync="TRUE">dataset</mdHrLvName><distInfo><distributor><distorTran><onLineSrc><orDesc Sync="TRUE">002</orDesc><linkage Sync="TRUE">file://\\PCDE4ZSRH91\X$\status_maps\surver_unit\wa\data\ca_srvy_unit</linkage><protocol Sync="TRUE">Local Area Network</protocol></onLineSrc><transSize Sync="TRUE">0.000</transSize></distorTran><distorFormat><formatName Sync="TRUE">Shapefile</formatName></distorFormat></distributor><distFormat><formatName Sync="TRUE">Shapefile</formatName></distFormat><distTranOps><transSize Sync="TRUE">3.063</transSize></distTranOps></distInfo><refSysInfo><RefSystem><refSysID><identCode Sync="TRUE" code="26710">NAD_1927_UTM_Zone_10N</identCode><idCodeSpace Sync="TRUE">EPSG</idCodeSpace><idVersion Sync="TRUE">2.1(3.0.1)</idVersion></refSysID></RefSystem></refSysInfo><spatRepInfo><VectSpatRep><geometObjs Name="OR_WA_CA_wHalfStates"><geoObjTyp><GeoObjTypCd value="002" Sync="TRUE"/></geoObjTyp><geoObjCnt Sync="TRUE">5</geoObjCnt></geometObjs><topLvl><TopoLevCd value="001" Sync="TRUE"/></topLvl></VectSpatRep></spatRepInfo><mdDateSt Sync="TRUE">20160523</mdDateSt><dataqual><lineage><procstep><procdesc Sync="TRUE">Dataset copied.</procdesc><srcused Sync="TRUE">t:\bounds\cacntys</srcused><date Sync="TRUE">20061004</date><time Sync="TRUE">15512900</time></procstep><procstep><procdesc Sync="TRUE">Metadata imported.</procdesc><srcused Sync="TRUE">V:\pnw_fia_spatial_data\5_year_reports\ca\boundary\cacntys\metadata.xml</srcused><date Sync="TRUE">20061205</date><time Sync="TRUE">10355600</time></procstep><procstep><procdesc Sync="TRUE">Dataset copied.</procdesc><srcused Sync="TRUE">\\pc260700145\workspace\pnw_fia_spatial_data\5_year_reports\ca\boundary\ca_cnty</srcused><date Sync="TRUE">20061205</date><time Sync="TRUE">11262300</time></procstep><procstep><procdesc Sync="TRUE">Dataset copied.</procdesc><srcused Sync="TRUE">\\Pc260700145\WORKSPACE\pnw_fia_spatial_data\5_year_reports\ca\survey_unit\ca_srvy_unit</srcused><date Sync="TRUE">20070212</date><time Sync="TRUE">15430600</time></procstep></lineage></dataqual></metadata>
